driverId,driverRef,number,code,forename,surname,dob,nationality
1,hamilton,44,HAM,Lewis,Hamilton,1985-01-07,British
2,heidfeld,66,HEI,Nick,Heidfeld,1977-05-10,German
3,rosberg,6,ROS,Nico,Rosberg,1985-06-27,German
4,alonso,14,ALO,Fernando,Alonso,1981-07-29,Spanish
5,kovalainen,85,KOV,Heikki,Kovalainen,1981-10-19,Finnish
6,nakajima,91,NAK,Kazuki,Nakajima,1985-01-11,Japanese
7,bourdais,34,BOU,S̩bastien,Bourdais,1979-02-28,French
8,raikkonen,7,RAI,Kimi,R ikk̦nen,1979-10-17,Finnish
9,kubica,21,KUB,Robert,Kubica,1984-12-07,Polish
10,glock,3,GLO,Timo,Glock,1982-03-18,German
11,sato,75,SAT,Takuma,Sato,1977-01-28,Japanese
12,piquet_jr,89,PIQ,Nelson,Piquet jr.,1985-07-25,Brazilian
13,massa,19,MAS,Felipe,Massa,1981-04-25,Brazilian
14,coulthard,4,COU,David,Coulthard,1971-03-27,British
15,trulli,60,TRU,Jarno,Trulli,1974-07-13,Italian
16,sutil,99,SUT,Adrian,Sutil,1983-01-11,German
17,webber,24,WEB,Mark,Webber,1976-08-27,Australian
18,button,22,BUT,Jenson,Button,1980-01-19,British
19,davidson,7,DAV,Anthony,Davidson,1979-04-18,British
20,vettel,5,VET,Sebastian,Vettel,1987-07-03,German
21,fisichella,92,FIS,Giancarlo,Fisichella,1973-01-14,Italian
22,barrichello,3,BAR,Rubens,Barrichello,1972-05-23,Brazilian
23,ralf_schumacher,19,SCH,Ralf,Schumacher,1975-06-30,German
24,liuzzi,49,LIU,Vitantonio,Liuzzi,1980-08-06,Italian
25,wurz,39,WUR,Alexander,Wurz,1974-02-15,Austrian
26,speed,34,SPE,Scott,Speed,1983-01-24,American
27,albers,88,ALB,Christijan,Albers,1979-04-16,Dutch
28,markus_winkelhock,32,WIN,Markus,Winkelhock,1980-06-13,German
29,yamamoto,56,YAM,Sakon,Yamamoto,1982-07-09,Japanese
30,michael_schumacher,48,MSC,Michael,Schumacher,1969-01-03,German
31,montoya,16,MON,Juan,Pablo montoya,1975-09-20,Colombian
32,klien,45,KLI,Christian,Klien,1983-02-07,Austrian
33,monteiro,75,TMO,Tiago,Monteiro,1976-07-24,Portuguese
34,ide,57,IDE,Yuji,Ide,1975-01-21,Japanese
35,villeneuve,88,VIL,Jacques,Villeneuve,1971-04-09,Canadian
36,montagny,81,FMO,Franck,Montagny,1978-01-05,French
37,rosa,47,DLR,Pedro,De la rosa,1971-02-24,Spanish
38,doornbos,2,DOO,Robert,Doornbos,1981-09-23,Dutch
39,karthikeyan,34,KAR,Narain,Karthikeyan,1977-01-14,Indian
40,friesacher,46,FRI,Patrick,Friesacher,1980-09-26,Austrian
41,zonta,83,ZON,Ricardo,Zonta,1976-03-23,Brazilian
42,pizzonia,1,PIZ,Ant̫nio,Pizzonia,1980-09-11,Brazilian
43,matta,44,MAT,Cristiano,Da matta,1973-09-19,Brazilian
44,panis,27,PAN,Olivier,Panis,1966-09-02,French
45,pantano,42,PAN,Giorgio,Pantano,1979-02-04,Italian
46,bruni,3,BRU,Gianmaria,Bruni,1981-05-30,Italian
47,baumgartner,34,BAU,Zsolt,Baumgartner,1981-01-01,Hungarian
48,gene,88,GEN,Marc,Gen̩,1974-03-29,Spanish
49,frentzen,4,FRE,Heinz-harald,Frentzen,1967-05-18,German
50,verstappen,39,VER,Jos,Verstappen,1972-03-04,Dutch
51,wilson,90,WIL,Justin,Wilson,1978-07-31,British
52,firman,46,FIR,Ralph,Firman,1975-05-20,Irish
53,kiesa,36,KIE,Nicolas,Kiesa,1978-03-03,Danish
54,burti,23,BUR,Luciano,Burti,1975-03-05,Brazilian
55,alesi,41,ALE,Jean,Alesi,1964-06-11,French
56,irvine,2,IRV,Eddie,Irvine,1965-11-10,British
57,hakkinen,84,HAK,Mika,H kkinen,1968-09-28,Finnish
58,marques,45,MAR,Tarso,Marques,1976-01-19,Brazilian
59,bernoldi,16,BER,Enrique,Bernoldi,1978-10-19,Brazilian
60,mazzacane,37,MAZ,Gast n,Mazzacane,1975-05-08,Argentine
61,enge,52,ENG,Tom,Enge,1976-09-11,Czech
62,yoong,0,YOO,Alex,Yoong,1976-07-20,Malaysian
63,salo,33,SAL,Mika,Salo,1966-11-30,Finnish
64,diniz,19,DIN,Pedro,Diniz,1970-05-22,Brazilian
65,herbert,38,HER,Johnny,Herbert,1964-06-25,British
66,mcnish,27,MCN,Allan,Mcnish,1969-12-29,British
67,buemi,43,BUE,S̩bastien,Buemi,1988-10-31,Swiss
68,takagi,7,TAK,Toranosuke,Takagi,1974-02-12,Japanese
69,badoer,29,BAD,Luca,Badoer,1971-01-25,Italian
70,zanardi,43,ZAN,Alessandro,Zanardi,1966-10-23,Italian
71,damon_hill,54,DAM,Damon,Hill,1960-09-17,British
72,sarrazin,72,SAR,St̩phane,Sarrazin,1975-11-02,French
73,rosset,5,ROS,Ricardo,Rosset,1968-07-27,Brazilian
74,tuero,85,TUE,Esteban,Tuero,1978-04-22,Argentine
75,nakano,85,NAK,Shinji,Nakano,1971-04-01,Japanese
76,magnussen,47,MAG,Jan,Magnussen,1973-07-04,Danish
77,berger,2,BER,Gerhard,Berger,1959-08-27,Austrian
78,larini,22,LAR,Nicola,Larini,1964-03-19,Italian
79,katayama,41,KAT,Ukyo,Katayama,1963-05-29,Japanese
80,sospiri,79,SOS,Vincenzo,Sospiri,1966-10-07,Italian
81,morbidelli,76,MOR,Gianni,Morbidelli,1968-01-13,Italian
82,fontana,49,FON,Norberto,Fontana,1975-01-20,Argentine
83,lamy,50,LAM,Pedro,Lamy,1972-03-20,Portuguese
84,brundle,1,BRU,Martin,Brundle,1959-06-01,British
85,montermini,57,MON,Andrea,Montermini,1964-05-30,Italian
86,lavaggi,0,LAV,Giovanni,Lavaggi,1958-02-18,Italian
87,blundell,47,BLU,Mark,Blundell,1966-04-08,British
88,suzuki,34,SUZ,Aguri,Suzuki,1960-09-08,Japanese
89,inoue,66,INO,Taki,Inoue,1963-09-05,Japanese
90,moreno,87,MOR,Roberto,Moreno,1959-02-11,Brazilian
91,wendlinger,92,WEN,Karl,Wendlinger,1968-12-20,Austrian
92,gachot,47,GAC,Bertrand,Gachot,1962-12-23,Belgian
93,schiattarella,20,SCH,Domenico,Schiattarella,1967-11-17,Italian
94,martini,46,MAR,Pierluigi,Martini,1961-04-23,Italian
95,mansell,1,MAN,Nigel,Mansell,1953-08-08,British
96,boullion,70,BOU,Jean-christophe,Boullion,1969-12-27,French
97,papis,74,PAP,Massimiliano,Papis,1969-10-03,Italian
98,deletraz,88,DEL,Jean-denis,D̩l̩traz,1963-10-01,Swiss
99,tarquini,94,TAR,Gabriele,Tarquini,1962-03-02,Italian
100,comas,32,COM,Rik,Comas,1963-09-28,French
101,brabham,6,BRA,David,Brabham,1965-09-05,Australian
102,senna,94,SEN,Ayrton,Senna,1960-03-21,Brazilian
103,bernard,57,BER,Ric,Bernard,1964-08-24,French
104,fittipaldi,14,FIT,Christian,Fittipaldi,1971-01-18,Brazilian
105,alboreto,9,ALB,Michele,Alboreto,1956-12-23,Italian
106,beretta,52,BER,Olivier,Beretta,1969-11-23,Monegasque
107,ratzenberger,61,RAT,Roland,Ratzenberger,1960-07-04,Austrian
108,belmondo,98,BEL,Paul,Belmondo,1963-04-23,French
109,lehto,41,LEH,Jyrki,J rvilehto,1966-01-31,Finnish
110,cesaris,79,CES,Andrea,De cesaris,1959-05-31,Italian
111,gounon,69,GOU,Jean-marc,Gounon,1963-01-01,French
112,alliot,38,ALL,Philippe,Alliot,1954-07-27,French
113,adams,53,ADA,Philippe,Adams,1969-11-19,Belgian
114,dalmas,91,DAL,Yannick,Dalmas,1961-07-28,French
115,noda,7,NOD,Hideki,Noda,1969-03-07,Japanese
116,lagorce,22,LAG,Franck,Lagorce,1968-09-01,French
117,prost,9,PRO,Alain,Prost,1955-02-24,French
118,warwick,72,WAR,Derek,Warwick,1954-08-27,British
119,patrese,78,PAT,Riccardo,Patrese,1954-04-17,Italian
120,barbazza,30,BAR,Fabrizio,Barbazza,1963-04-02,Italian
121,andretti,84,AND,Michael,Andretti,1962-10-05,American
122,capelli,38,CAP,Ivan,Capelli,1963-05-24,Italian
123,boutsen,62,BOU,Thierry,Boutsen,1957-07-13,Belgian
124,apicella,3,API,Marco,Apicella,1965-10-07,Italian
125,naspetti,10,NAS,Emanuele,Naspetti,1968-02-24,Italian
126,toshio_suzuki,11,TOS,Toshio,Suzuki,1955-03-10,Japanese
127,gugelmin,16,GUG,Maur cio,Gugelmin,1963-04-20,Brazilian
128,poele,51,POE,Eric,Van de poele,1961-09-30,Belgian
129,grouillard,76,GRO,Olivier,Grouillard,1958-09-02,French
130,chiesa,66,CHI,Andrea,Chiesa,1964-05-06,Swiss
131,modena,19,MOD,Stefano,Modena,1963-05-12,Italian
132,amati,70,AMA,Giovanna,Amati,1959-07-20,Italian
133,caffi,53,CAF,Alex,Caffi,1964-03-18,Italian
134,bertaggia,32,BER,Enrico,Bertaggia,1964-09-19,Italian
135,mccarthy,69,MCC,Perry,Mccarthy,1961-03-03,British
136,lammers,53,LAM,Jan,Lammers,1956-06-02,Dutch
137,piquet,53,PIQ,Nelson,Piquet,1952-08-17,Brazilian
138,satoru_nakajima,45,SAT,Satoru,Nakajima,1953-02-23,Japanese
139,pirro,97,PIR,Emanuele,Pirro,1962-01-12,Italian
140,johansson,58,JOH,Stefan,Johansson,1956-09-08,Swedish
141,bailey,65,BAI,Julian,Bailey,1961-10-09,British
142,chaves,67,CHA,Pedro,Chaves,1965-02-27,Portuguese
143,bartels,29,BAR,Michael,Bartels,1968-03-08,German
144,hattori,75,HAT,Naoki,Hattori,1966-06-13,Japanese
145,nannini,18,NAN,Alessandro,Nannini,1959-07-07,Italian
146,schneider,6,SCH,Bernd,Schneider,1964-07-20,German
147,barilla,10,BAR,Paolo,Barilla,1961-04-20,Italian
148,foitek,1,FOI,Gregor,Foitek,1965-03-27,Swiss
149,langes,57,LAN,Claudio,Langes,1960-07-20,Italian
150,gary_brabham,43,GAR,Gary,Brabham,1961-03-29,Australian
151,donnelly,47,DON,Martin,Donnelly,1964-03-26,British
152,giacomelli,82,GIA,Bruno,Giacomelli,1952-09-10,Italian
153,alguersuari,16,ALG,Jaime,Alguersuari,1990-03-23,Spanish
154,grosjean,8,GRO,Romain,Grosjean,1986-04-17,French
155,kobayashi,10,KOB,Kamui,Kobayashi,1986-09-13,Japanese
156,palmer,14,PAL,Jonathan,Palmer,1956-11-07,British
157,danner,64,DAN,Christian,Danner,1958-04-04,German
158,cheever,96,CHE,Eddie,Cheever,1958-01-10,American
159,sala,1,SAL,Luis,P̩rez-sala,1959-05-15,Spanish
160,ghinzani,89,GHI,Piercarlo,Ghinzani,1952-01-16,Italian
161,weidler,33,WEI,Volker,Weidler,1962-03-18,German
162,raphanel,75,RAP,Pierre-henri,Raphanel,1961-05-27,French
163,arnoux,9,ARN,Ren̩,Arnoux,1948-07-04,French
164,joachim_winkelhock,18,JOA,Joachim,Winkelhock,1960-10-24,German
165,larrauri,39,LAR,Oscar,Larrauri,1954-08-19,Argentine
166,streiff,95,STR,Philippe,Streiff,1955-06-26,French
167,campos,72,CAM,Adrin,Campos,1960-06-17,Spanish
168,schlesser,89,SCH,Jean-louis,Schlesser,1948-09-12,French
169,fabre,59,FAB,Pascal,Fabre,1960-01-09,French
170,fabi,65,FAB,Teo,Fabi,1955-03-09,Italian
171,forini,22,FOR,Franco,Forini,1958-09-22,Swiss
172,laffite,18,LAF,Jacques,Laffite,1943-11-21,French
173,angelis,77,ANG,Elio,De angelis,1958-03-26,Italian
174,dumfries,65,DUM,Johnny,Dumfries,1958-04-26,British
175,tambay,81,TAM,Patrick,Tambay,1949-06-25,French
176,surer,70,SUR,Marc,Surer,1951-09-18,Swiss
177,keke_rosberg,26,KEK,Keke,Rosberg,1948-12-06,Finnish
178,jones,24,JON,Alan,Jones,1946-11-02,Australian
179,rothengatter,35,ROT,Huub,Rothengatter,1954-10-08,Dutch
180,berg,54,BER,Allen,Berg,1961-08-01,Canadian
181,manfred_winkelhock,75,MAN,Manfred,Winkelhock,1951-10-06,German
182,lauda,26,LAU,Niki,Lauda,1949-02-22,Austrian
183,hesnault,94,HES,Fran̤ois,Hesnault,1956-12-30,French
184,baldi,71,BAL,Mauro,Baldi,1954-01-31,Italian
185,bellof,88,BEL,Stefan,Bellof,1957-11-20,German
186,acheson,45,ACH,Kenny,Acheson,1957-11-27,British
187,watson,4,WAT,John,Watson,1946-05-04,British
188,cecotto,73,CEC,Johnny,Cecotto,1956-01-25,Venezuelan
189,gartner,27,GAR,Jo,Gartner,1954-01-24,Austrian
190,corrado_fabi,4,COR,Corrado,Fabi,1961-04-12,Italian
191,thackwell,10,THA,Mike,Thackwell,1961-03-30,New zealander
192,serra,24,SER,Chico,Serra,1957-02-03,Brazilian
193,sullivan,50,SUL,Danny,Sullivan,1950-03-09,American
194,salazar,1,SAL,Eliseo,Salazar,1954-11-14,Chilean
195,guerrero,2,GUE,Roberto,Guerrero,1958-11-16,Colombian
196,boesel,28,BOE,Raul,Boesel,1957-12-04,Brazilian
197,jarier,82,JAR,Jean-pierre,Jarier,1946-07-10,French
198,villeneuve_sr,23,VIL,Jacques,Villeneuve sr.,1953-11-04,Canadian
199,reutemann,77,REU,Carlos,Reutemann,1942-04-12,Argentine
200,mass,47,MAS,Jochen,Mass,1946-09-30,German
201,borgudd,46,BOR,Slim,Borgudd,1946-11-25,Swedish
202,pironi,60,PIR,Didier,Pironi,1952-03-26,French
203,gilles_villeneuve,16,GIL,Gilles,Villeneuve,1950-01-18,Canadian
204,paletti,19,PAL,Riccardo,Paletti,1958-06-15,Italian
205,henton,44,HEN,Brian,Henton,1946-09-19,British
206,daly,29,DAL,Derek,Daly,1953-03-11,Irish
207,mario_andretti,92,MAR,Mario,Andretti,1940-02-28,American
208,villota,59,VIL,Emilio,De villota,1946-07-26,Spanish
209,lees,14,LEE,Geoff,Lees,1951-05-01,British
210,byrne,37,BYR,Tommy,Byrne,1958-05-06,Irish
211,keegan,9,KEE,Rupert,Keegan,1955-02-26,British
212,rebaque,43,REB,Hector,Rebaque,1956-02-05,Mexican
213,gabbiani,67,GAB,Beppe,Gabbiani,1957-01-02,Italian
214,cogan,87,COG,Kevin,Cogan,1956-03-31,American
215,guerra,13,GUE,Miguel ́ngel,Guerra,1953-08-31,Argentine
216,stohr,2,STO,Siegfried,Stohr,1952-10-10,Italian
217,zunino,10,ZUN,Ricardo,Zunino,1949-04-13,Argentine
218,londono,68,LON,Ricardo,Londo̱o,1949-08-08,Colombian
219,jabouille,28,JAB,Jean-pierre,Jabouille,1942-10-01,French
220,francia,98,FRA,Giorgio,Francia,1947-11-08,Italian
221,depailler,64,DEP,Patrick,Depailler,1944-08-09,French
222,scheckter,51,SCH,Jody,Scheckter,1950-01-29,South african
223,regazzoni,75,REG,Clay,Regazzoni,1939-09-05,Swiss
224,emerson_fittipaldi,77,EME,Emerson,Fittipaldi,1946-12-12,Brazilian
225,kennedy,75,KEN,Dave,Kennedy,1953-01-15,Irish
226,south,0,SOU,Stephen,South,1952-02-19,British
227,needell,61,NEE,Tiff,Needell,1951-10-29,British
228,desire_wilson,17,DES,Desir̩,Wilson,1953-11-26,South african
229,ertl,13,ERT,Harald,Ertl,1948-08-31,Austrian
230,brambilla,3,BRA,Vittorio,Brambilla,1937-11-11,Italian
231,hunt,82,HUN,James,Hunt,1947-08-29,British
232,merzario,8,MER,Arturo,Merzario,1943-03-11,Italian
233,stuck,89,STU,Hans-joachim,Stuck,1951-01-01,German
234,brancatelli,66,BRA,Gianfranco,Brancatelli,1950-01-18,Italian
235,ickx,40,ICK,Jacky,Ickx,1945-01-01,Belgian
236,gaillard,54,GAI,Patrick,Gaillard,1952-02-12,French
237,ribeiro,97,RIB,Alex,Ribeiro,1948-11-07,Brazilian
238,peterson,85,PET,Ronnie,Peterson,1944-02-14,Swedish
239,lunger,17,LUN,Brett,Lunger,1945-11-14,American
240,ongais,49,ONG,Danny,Ongais,1942-05-21,American
241,leoni,42,LEO,Lamberto,Leoni,1953-05-24,Italian
242,galica,7,GAL,Divina,Galica,1944-08-13,British
243,stommelen,10,STO,Rolf,Stommelen,1943-07-11,German
244,colombo,11,COL,Alberto,Colombo,1946-02-23,Italian
245,trimmer,17,TRI,Tony,Trimmer,1943-01-24,British
246,binder,59,BIN,Hans,Binder,1948-06-12,Austrian
247,bleekemolen,39,BLE,Michael,Bleekemolen,1949-10-02,Dutch
248,gimax,14,GIM,Carlo,Franchi,1938-01-01,Italian
249,rahal,79,RAH,Bobby,Rahal,1953-01-10,American
250,pace,39,PAC,Carlos,Pace,1944-10-06,Brazilian
251,ian_scheckter,36,IAN,Ian,Scheckter,1947-08-22,South african
252,pryce,60,PRY,Tom,Pryce,1949-06-11,British
253,hoffmann,80,HOF,Ingo,Hoffmann,1953-02-28,Brazilian
254,zorzi,77,ZOR,Renzo,Zorzi,1946-12-12,Italian
255,nilsson,97,NIL,Gunnar,Nilsson,1948-11-20,Swedish
256,perkins,98,PER,Larry,Perkins,1950-03-18,Australian
257,hayje,70,HAY,Boy,Lunger,1949-05-03,Dutch
258,neve,98,NEV,Patrick,N̬ve,1949-10-13,Belgian
259,purley,85,PUR,David,Purley,1945-01-26,British
260,andersson,60,AND,Conny,Andersson,1939-12-28,Swedish
261,dryver,92,DRY,Bernard,De dryver,1952-09-19,Belgian
262,oliver,18,OLI,Jackie,Oliver,1942-08-14,British
263,kozarowitzky,36,KOZ,Mikko,Kozarowitzky,1948-05-17,Finnish
264,sutcliffe,62,SUT,Andy,Sutcliffe,1947-05-09,British
265,edwards,30,EDW,Guy,Edwards,1942-12-30,British
266,mcguire,9,MCG,Brian,Mcguire,1945-12-13,Australian
267,schuppan,52,SCH,Vern,Schuppan,1943-03-19,Australian
268,heyer,56,HEY,Hans,Heyer,1943-03-16,German
269,pilette,19,PIL,Teddy,Pilette,1942-07-26,Belgian
270,ashley,4,ASH,Ian,Ashley,1947-10-26,British
271,kessel,44,KES,Loris,Kessel,1950-04-01,Swiss
272,takahashi,25,TAK,Kunimitsu,Takahashi,1940-01-29,Japanese
273,hoshino,41,HOS,Kazuyoshi,Hoshino,1947-07-01,Japanese
274,takahara,55,TAK,Noritake,Takahara,1951-06-06,Japanese
275,lombardi,86,LOM,Lella,Lombardi,1941-03-26,Italian
276,evans,96,EVA,Bob,Evans,1947-06-11,British
277,leclere,14,LEC,Michel,Lecl̬re,1946-03-18,French
278,amon,62,AMO,Chris,Amon,1943-07-20,New zealander
279,zapico,20,ZAP,Emilio,Zapico,1944-05-27,Spanish
280,pescarolo,65,PES,Henri,Pescarolo,1942-09-25,French
281,nelleman,94,NEL,Jac,Nelleman,1944-04-19,Danish
282,magee,89,MAG,Damien,Magee,1945-11-17,British
283,wilds,13,WIL,Mike,Wilds,1946-01-07,British
284,pesenti_rossi,45,PES,Alessandro,Pesenti-rossi,1942-08-31,Italian
285,stuppacher,98,STU,Otto,Stuppacher,1947-03-03,Austrian
286,brown,87,BRO,Warwick,Brown,1949-12-24,Australian
287,hasemi,33,HAS,Masahiro,Hasemi,1945-11-13,Japanese
288,donohue,55,DON,Mark,Donohue,1937-03-18,American
289,hill,3,HIL,Graham,Hill,1929-02-15,British
290,wilson_fittipaldi,58,WIL,Wilson,Fittipaldi,1943-12-25,Brazilian
291,tunmer,16,TUN,Guy,Tunmer,1948-12-01,South african
292,keizan,16,KEI,Eddie,Keizan,1944-09-12,South african
293,charlton,41,CHA,Dave,Charlton,1936-10-27,South african
294,brise,82,BRI,Tony,Brise,1952-03-28,British
295,wunderink,29,WUN,Roelof,Wunderink,1948-12-12,Dutch
296,migault,50,MIG,Fran̤ois,Migault,1944-12-04,French
297,palm,1,PAL,Torsten,Palm,1947-07-23,Swedish
298,lennep,31,LEN,Gijs,Van lennep,1942-03-16,Dutch
299,fushida,15,FUS,Hiroshi,Fushida,1946-03-10,Japanese
300,nicholson,91,NIC,John,Nicholson,1941-10-06,New zealander
301,morgan,30,MOR,Dave,Morgan,1944-08-07,British
302,crawford,1,CRA,Jim,Crawford,1948-02-13,British
303,vonlanthen,67,VON,Jo,Vonlanthen,1942-05-31,Swiss
304,hulme,90,HUL,Denny,Hulme,1936-06-18,New zealander
305,hailwood,72,HAI,Mike,Hailwood,1940-04-02,British
306,beltoise,86,BEL,Jean-pierre,Beltoise,1937-04-26,French
307,ganley,0,GAN,Howden,Ganley,1941-12-24,New zealander
308,robarts,88,ROB,Richard,Robarts,1944-09-22,British
309,revson,34,REV,Peter,Revson,1939-02-27,American
310,driver,37,DRI,Paddy,Driver,1934-05-13,South african
311,belso,16,BEL,Tom,Bels,1942-08-27,Danish
312,redman,47,RED,Brian,Redman,1937-03-09,British
313,opel,61,OPE,Rikky,Von opel,1947-10-14,Liechtensteiner
314,schenken,23,SCH,Tim,Schenken,1943-09-26,Australian
315,larrousse,94,LAR,G̩rard,Larrousse,1940-05-23,French
316,kinnunen,71,KIN,Leo,Kinnunen,1943-08-05,Finnish
317,wisell,42,WIS,Reine,Wisell,1941-09-30,Swedish
318,roos,62,ROO,Bertil,Roos,1943-10-12,Swedish
319,dolhem,97,DOL,Jos̩,Dolhem,1944-04-26,French
320,gethin,69,GET,Peter,Gethin,1940-02-21,British
321,bell,17,BEL,Derek,Bell,1941-10-31,British
322,hobbs,63,HOB,David,Hobbs,1939-06-09,British
323,quester,93,QUE,Dieter,Quester,1939-05-30,Austrian
324,koinigg,31,KOI,Helmuth,Koinigg,1948-11-03,Austrian
325,facetti,85,FAC,Carlo,Facetti,1935-06-26,Italian
326,wietzes,59,WIE,Eppie,Wietzes,1938-05-28,Canadian
327,cevert,26,CEV,Fran̤ois,Cevert,1944-02-25,French
328,stewart,1,STE,Jackie,Stewart,1939-06-11,British
329,beuttler,78,BEU,Mike,Beuttler,1940-04-13,British
330,galli,71,GAL,Nanni,Galli,1940-10-02,Italian
331,bueno,25,BUE,Luiz,Bueno,1937-01-16,Brazilian
332,follmer,81,FOL,George,Follmer,1934-01-27,American
333,adamich,13,ADA,Andrea,De adamich,1941-10-03,Italian
334,pretorius,88,PRE,Jackie,Pretorius,1934-11-22,South african
335,williamson,93,WIL,Roger,Williamson,1948-02-02,British
336,mcrae,62,MCR,Graham,Mcrae,1940-03-05,New zealander
337,marko,72,MAR,Helmut,Marko,1943-04-27,Austrian
338,walker,27,WAL,David,Walker,1941-06-10,Australian
339,roig,44,ROI,Alex,Soler-roig,1932-10-29,Spanish
340,love,13,LOV,John,Love,1924-12-07,Rhodesian
341,surtees,83,SUR,John,Surtees,1934-02-11,British
342,barber,35,BAR,Skip,Barber,1936-11-16,American
343,brack,74,BRA,Bill,Brack,1935-12-26,Canadian
344,posey,94,POS,Sam,Posey,1944-05-26,American
345,rodriguez,0,ROD,Pedro,Rodr guez,1940-01-18,Mexican
346,siffert,81,SIF,Jo,Siffert,1936-07-07,Swiss
347,bonnier,86,BON,Jo,Bonnier,1930-01-31,Swedish
348,mazet,81,MAZ,Fran̤ois,Mazet,1943-02-24,French
349,jean,85,JEA,Max,Jean,1943-07-27,French
350,elford,87,ELF,Vic,Elford,1935-06-10,British
351,moser,74,MOS,Silvio,Moser,1941-04-24,Swiss
352,eaton,70,EAT,George,Eaton,1945-11-12,Canadian
353,lovely,1,LOV,Pete,Lovely,1926-04-11,American
354,craft,94,CRA,Chris,Craft,1939-11-17,British
355,Cannoc,89,CAN,John,Cannon,1933-06-21,Canadian
356,jack_brabham,98,JAC,Jack,Brabham,1926-04-02,Australian
357,miles,71,MIL,John,Miles,1943-06-14,British
358,rindt,17,RIN,Jochen,Rindt,1942-04-18,Austrian
359,gavin,51,GAV,Johnny,Servoz-gavin,1942-01-18,French
360,mclaren,27,MCL,Bruce,Mclaren,1937-08-30,New zealander
361,courage,41,COU,Piers,Courage,1942-05-27,British
362,klerk,50,KLE,Peter,De klerk,1935-03-16,South african
363,giunti,33,GIU,Ignazio,Giunti,1941-08-30,Italian
364,gurney,42,GUR,Dan,Gurney,1931-04-13,American
365,hahne,60,HAH,Hubert,Hahne,1935-03-28,German
366,hutchison,63,HUT,Gus,Hutchison,1937-04-26,American
367,westbury,30,WES,Peter,Westbury,1938-05-26,British
368,tingle,46,TIN,Sam,Tingle,1921-08-24,Rhodesian
369,rooyen,14,ROO,Basil,Van rooyen,1939-04-19,South african
370,attwood,25,ATT,Richard,Attwood,1940-04-04,British
371,pease,81,PEA,Al,Pease,1921-10-15,Canadian
372,cordts,32,COR,John,Cordts,1935-07-23,Canadian
373,clark,36,CLA,Jim,Clark,1936-03-04,British
374,spence,14,SPE,Mike,Spence,1936-12-30,British
375,scarfiotti,15,SCA,Ludovico,Scarfiotti,1933-10-18,Italian
376,bianchi,75,BIA,Lucien,Bianchi,1934-11-10,Belgian
377,jo_schlesser,85,JO_,Jo,Schlesser,1928-05-18,French
378,widdows,93,WID,Robin,Widdows,1942-05-27,British
379,ahrens,5,AHR,Kurt,Ahrens,1940-04-19,German
380,gardner,39,GAR,Frank,Gardner,1930-10-01,Australian
381,unser,33,UNS,Bobby,Unser,1934-02-20,American
382,solana,29,SOL,Mois̩s,Solana,1935-12-26,Mexican
383,anderson,33,AND,Bob,Anderson,1931-05-19,British
384,botha,2,BOT,Luki,Botha,1930-01-16,South african
385,bandini,2,BAN,Lorenzo,Bandini,1935-12-21,Italian
386,ginther,97,GIN,Richie,Ginther,1930-08-05,American
387,parkes,6,PAR,Mike,Parkes,1931-09-24,British
388,irwin,60,IRW,Chris,Irwin,1942-06-27,British
389,ligier,58,LIG,Guy,Ligier,1930-07-12,French
390,rees,20,REE,Alan,Rees,1938-01-12,British
391,hart,69,HAR,Brian,Hart,1936-09-07,British
392,fisher,72,FIS,Mike,Fisher,1943-03-13,American
393,tom_jones,39,TOM,Tom,Jones,1943-04-26,American
394,baghetti,53,BAG,Giancarlo,Baghetti,1934-12-25,Italian
395,williams,81,WIL,Jonathan,Williams,1942-10-26,British
396,bondurant,89,BON,Bob,Bondurant,1933-04-27,American
397,arundell,83,ARU,Peter,Arundell,1933-11-08,British
398,vic_wilson,4,VIC,Vic,Wilson,1931-04-14,British
399,taylor,60,TAY,John,Taylor,1933-03-23,British
400,lawrence,59,LAW,Chris,Lawrence,1933-07-27,British
401,trevor_taylor,65,TRE,Trevor,Taylor,1936-12-26,British
402,geki,19,GEK,Giacomo,Russo,1937-10-23,Italian
403,phil_hill,53,PHI,Phil,Hill,1927-04-20,American
404,ireland,97,IRE,Innes,Ireland,1930-06-12,British
405,bucknum,18,BUC,Ronnie,Bucknum,1936-04-05,American
406,hawkins,47,HAW,Paul,Hawkins,1937-10-12,Australian
407,prophet,46,PRO,David,Prophet,1937-10-09,British
408,maggs,23,MAG,Tony,Maggs,1937-02-09,South african
409,blokdyk,54,BLO,Trevor,Blokdyk,1935-11-30,South african
410,lederle,56,LED,Neville,Lederle,1938-09-25,South african
411,serrurier,0,SER,Doug,Serrurier,1920-12-09,South african
412,niemann,71,NIE,Brausch,Niemann,1939-01-07,South african
413,pieterse,58,PIE,Ernie,Pieterse,1938-07-04,South african
414,puzey,70,PUZ,Clive,Puzey,1941-07-11,Rhodesian
415,reed,34,REE,Ray,Reed,1928-01-01,South african
416,clapham,31,CLA,David,Clapham,1931-05-18,South african
417,blignaut,74,BLI,Alex,Blignaut,1932-11-30,South african
418,gregory,31,GRE,Masten,Gregory,1932-02-29,American
419,rhodes,96,RHO,John,Rhodes,1927-08-18,British
420,raby,29,RAB,Ian,Raby,1921-09-22,British
421,rollinson,11,ROL,Alan,Rollinson,1943-05-15,British
422,gubby,83,GUB,Brian,Gubby,1934-04-17,British
423,mitter,97,MIT,Gerhard,Mitter,1935-08-30,German
424,bussinello,71,BUS,Roberto,Bussinello,1927-10-04,Italian
425,vaccarella,26,VAC,Nino,Vaccarella,1933-03-04,Italian
426,bassi,6,BAS,Giorgio,Bassi,1934-01-20,Italian
427,trintignant,34,TRI,Maurice,Trintignant,1917-10-30,French
428,collomb,14,COL,Bernard,Collomb,1930-10-07,French
429,andre_pilette,26,AND,Andr̩,Pilette,1918-10-06,Belgian
430,beaufort,35,BEA,Carel godin,De beaufort,1934-04-10,Dutch
431,barth,35,BAR,Edgar,Barth,1917-01-26,German
432,cabral,59,CAB,Mrio de ara̼jo,Cabral,1934-01-15,Portuguese
433,hansgen,26,HAN,Walt,Hansgen,1919-10-28,American
434,sharp,62,SHA,Hap,Sharp,1928-01-01,American
435,mairesse,40,MAI,Willy,Mairesse,1928-10-01,Belgian
436,campbell-jones,69,CAM,John,Campbell-jones,1930-01-21,British
437,burgess,32,BUR,Ian,Burgess,1930-07-06,British
438,settember,78,SET,Tony,Settember,1926-07-10,American
439,estefano,92,EST,Nasif,Est̩fano,1932-11-18,Argentine
440,hall,26,HAL,Jim,Hall,1935-07-23,American
441,parnell,54,PAR,Tim,Parnell,1932-06-25,British
442,kuhnke,17,KUH,Kurt,Kuhnke,1910-04-30,German
443,ernesto_brambilla,2,ERN,Ernesto,Brambilla,1934-01-31,Italian
444,lippi,26,LIP,Roberto,Lippi,1926-10-17,Italian
445,seiffert,49,SEI,G nther,Seiffert,1937-10-18,German
446,abate,16,ABA,Carlo,Abate,1932-07-10,Italian
447,starrabba,81,STA,Gaetano,Starrabba,1932-12-03,Italian
448,broeker,90,BRO,Peter,Broeker,1926-05-15,Canadian
449,ward,70,WAR,Rodger,Ward,1921-01-10,American
450,vos,58,VOS,Ernie,De vos,1941-07-01,Dutch
451,dochnal,34,DOC,Frank,Dochnal,1920-10-08,American
452,monarch,50,MON,Thomas,Monarch,1945-09-03,American
842,gasly,10,GAS,Pierre,Gasly,1996-02-07,French
453,lewis,57,LEW,Jackie,Lewis,1936-11-01,British
454,ricardo_rodriguez,54,RIC,Ricardo,Rodr guez,1942-02-14,Mexican
455,seidel,51,SEI,Wolfgang,Seidel,1926-07-04,German
456,salvadori,98,SAL,Roy,Salvadori,1922-05-12,British
457,pon,13,PON,Ben,Pon,1936-12-09,Dutch
458,slotemaker,21,SLO,Rob,Slotemaker,1929-06-13,Dutch
459,marsh,84,MAR,Tony,Marsh,1931-07-20,British
460,ashmore,90,ASH,Gerry,Ashmore,1936-07-25,British
461,schiller,71,SCH,Heinz,Schiller,1930-01-25,Swiss
462,davis,56,DAV,Colin,Davis,1933-07-29,British
463,chamberlain,56,CHA,Jay,Chamberlain,1925-12-29,American
464,shelly,45,SHE,Tony,Shelly,1937-02-02,New zealander
465,greene,12,GRE,Keith,Greene,1938-01-05,British
466,walter,56,WAL,Heini,Walter,1927-07-28,Swiss
467,prinoth,51,PRI,Ernesto,Prinoth,1923-04-15,Italian
468,penske,63,PEN,Roger,Penske,1937-02-20,American
469,schroeder,41,SCH,Rob,Schroeder,1926-05-11,British
470,mayer,60,MAY,Timmy,Mayer,1938-02-22,American
471,johnstone,51,JOH,Bruce,Johnstone,1937-01-30,South african
472,harris,58,HAR,Mike,Harris,1939-05-25,South african
473,hocking,47,HOC,Gary,Hocking,1937-09-30,Rhodesian
474,vyver,74,VYV,Syd,Van der vyver,1920-06-01,South african
475,moss,47,MOS,Stirling,Moss,1929-09-17,British
476,trips,7,TRI,Wolfgang,Von trips,1928-05-04,German
477,allison,92,ALL,Cliff,Allison,1932-02-08,British
478,herrmann,25,HER,Hans,Herrmann,1928-02-23,German
479,brooks,73,BRO,Tony,Brooks,1932-02-25,British
480,may,54,MAY,Michael,May,1934-08-18,Swiss
481,henry_taylor,63,HEN,Henry,Taylor,1932-12-16,British
482,gendebien,56,GEN,Olivier,Gendebien,1924-01-12,Belgian
483,scarlatti,38,SCA,Giorgio,Scarlatti,1921-10-02,Italian
484,naylor,40,NAY,Brian,Naylor,1923-03-24,British
485,bordeu,53,BOR,Juan manuel,Bordeu,1934-01-28,Argentine
486,fairman,62,FAI,Jack,Fairman,1913-03-15,British
487,natili,75,NAT,Massimo,Natili,1935-07-28,Italian
488,monteverdi,39,MON,Peter,Monteverdi,1934-06-07,Swiss
489,pirocchi,0,PIR,Renato,Pirocchi,1933-03-26,Italian
490,duke,96,DUK,Geoff,Duke,1923-03-29,British
491,thiele,82,THI,Alfonso,Thiele,1920-04-05,American-italian
492,boffa,47,BOF,Menato,Boffa,1930-01-04,Italian
493,ryan,12,RYA,Peter,Ryan,1940-06-10,Canadian
494,ruby,36,RUB,Lloyd,Ruby,1928-01-12,American
495,ken_miles,70,KEN,Ken,Miles,1918-11-01,British
496,menditeguy,57,MEN,Carlos,Menditeguy,1914-08-10,Argentine
497,larreta,35,LAR,Alberto rodriguez,Larreta,1934-01-14,Argentine
498,gonzalez,54,GON,Jos̩ froiln,Gonzlez,1922-10-05,Argentine
499,bonomi,49,BON,Roberto,Bonomi,1919-09-30,Argentine
500,munaron,81,MUN,Gino,Munaron,1928-04-02,Italian
501,schell,19,SCH,Harry,Schell,1921-06-29,American
502,stacey,77,STA,Alan,Stacey,1933-08-29,British
503,chimeri,31,CHI,Ettore,Chimeri,1921-06-04,Venezuelan
504,creus,0,CRE,Antonio,Creus,1924-10-28,Spanish
505,bristow,89,BRI,Chris,Bristow,1937-12-02,British
506,halford,42,HAL,Bruce,Halford,1931-05-18,British
507,daigh,52,DAI,Chuck,Daigh,1923-11-29,American
508,reventlow,24,REV,Lance,Reventlow,1936-02-24,American
509,rathmann,84,RAT,Jim,Rathmann,1928-07-16,American
510,goldsmith,24,GOL,Paul,Goldsmith,1925-10-02,American
511,branson,94,BRA,Don,Branson,1920-06-02,American
512,thomson,69,THO,Johnny,Thomson,1922-04-09,American
513,johnson,60,JOH,Eddie,Johnson,1919-02-10,American
514,veith,55,VEI,Bob,Veith,1926-11-01,American
515,tingelstad,64,TIN,Bud,Tingelstad,1928-04-04,American
516,christie,17,CHR,Bob,Christie,1924-04-04,American
517,amick,5,AMI,Red,Amick,1929-01-19,American
518,darter,76,DAR,Duane,Carter,1913-05-05,American
519,homeier,82,HOM,Bill,Homeier,1918-08-31,American
520,hartley,71,HAR,Gene,Hartley,1926-01-28,American
521,stevenson,1,STE,Chuck,Stevenson,1919-10-15,American
522,grim,47,GRI,Bobby,Grim,1924-09-04,American
523,templeman,87,TEM,Shorty,Templeman,1919-08-12,American
524,hurtubise,24,HUR,Jim,Hurtubise,1932-12-05,American
525,bryan,12,BRY,Jimmy,Bryan,1926-01-28,American
526,ruttman,92,RUT,Troy,Ruttman,1930-03-11,American
527,sachs,66,SAC,Eddie,Sachs,1927-05-28,American
528,freeland,81,FRE,Don,Freeland,1925-03-25,American
529,bettenhausen,30,BET,Tony,Bettenhausen,1916-09-12,American
530,weiler,39,WEI,Wayne,Weiler,1934-12-09,American
531,foyt,80,FOY,Anthony,Foyt,1935-01-16,American
532,russo,83,RUS,Eddie,Russo,1925-11-19,American
533,boyd,22,BOY,Johnny,Boyd,1926-08-19,American
534,force,21,FOR,Gene,Force,1916-06-15,American
535,mcwithey,9,MCW,Jim,Mcwithey,1927-07-04,American
536,sutton,91,SUT,Len,Sutton,1925-08-09,American
537,dick_rathmann,1,DIC,Dick,Rathmann,1924-01-06,American
538,herman,10,HER,Al,Herman,1927-03-15,American
539,dempsey_wilson,39,DEM,Dempsey,Wilson,1927-03-11,American
540,mike_taylor,53,MIK,Mike,Taylor,1934-04-24,British
541,flockhart,42,FLO,Ron,Flockhart,1923-06-16,British
542,piper,15,PIP,David,Piper,1930-12-02,British
543,cabianca,24,CAB,Giulio,Cabianca,1923-02-19,Italian
544,drogo,94,DRO,Piero,Drogo,1926-08-08,Italian
545,gamble,35,GAM,Fred,Gamble,1932-03-17,American
546,owen,18,OWE,Arthur,Owen,1915-03-23,British
547,gould,64,GOU,Horace,Gould,1918-09-20,British
548,drake,81,DRA,Bob,Drake,1919-12-14,American
549,bueb,3,BUE,Ivor,Bueb,1923-06-06,British
550,Changy,7,CHA,Alain,De changy,1922-02-05,Belgian
551,filippis,42,FIL,Maria,De filippis,1926-11-11,Italian
552,lucienbonnet,80,LUC,Jean,Lucienbonnet,1923-01-07,French
553,testut,58,TES,Andr̩,Testut,1926-04-13,Monegasque
554,behra,40,BEH,Jean,Behra,1921-02-16,French
555,paul_russo,87,PAU,Paul,Russo,1914-04-10,American
556,daywalt,88,DAY,Jimmy,Daywalt,1924-08-28,American
557,arnold,34,ARN,Chuck,Arnold,1926-05-30,American
558,keller,65,KEL,Al,Keller,1920-04-11,American
559,flaherty,90,FLA,Pat,Flaherty,1926-01-06,American
560,cheesbourg,67,CHE,Bill,Cheesbourg,1927-06-12,American
561,ray_crawford,96,RAY,Ray,Crawford,1915-10-26,American
562,turner,68,TUR,Jack,Turner,1920-02-12,American
563,weyant,47,WEY,Chuck,Weyant,1923-04-03,American
564,larson,32,LAR,Jud,Larson,1923-01-21,American
565,magill,89,MAG,Mike,Magill,1920-02-08,American
566,shelby,65,SHE,Carroll,Shelby,1923-01-11,American
567,orey,46,ORE,Fritz,D'orey,1938-03-25,Brazilian
568,fontes,51,FON,Azdrubal,Fontes,1922-12-26,Uruguayan
569,ashdown,83,ASH,Peter,Ashdown,1934-10-16,British
570,bill_moss,4,BIL,Bill,Moss,1933-09-04,British
571,dennis_taylor,65,DEN,Dennis,Taylor,1921-06-12,British
572,blanchard,25,BLA,Harry,Blanchard,1929-06-13,American
573,tomaso,29,TOM,Alessandro,De tomaso,1928-07-10,Argentine-italian
574,constantine,34,CON,George,Constantine,1918-02-22,American
575,said,23,SAI,Bob,Said,1932-05-05,American
576,cade,26,CAD,Phil,Cade,1916-06-12,American
577,musso,29,MUS,Luigi,Musso,1924-07-28,Italian
578,hawthorn,42,HAW,Mike,Hawthorn,1929-04-10,British
579,fangio,47,FAN,Juan,Fangio,1911-06-24,Argentine
580,godia,40,GOD,Paco,Godia,1921-03-21,Spanish
581,collins,18,COL,Peter,Collins,1931-11-06,British
582,kavanagh,42,KAV,Ken,Kavanagh,1923-12-12,Australian
583,gerini,51,GER,Gerino,Gerini,1928-08-10,Italian
584,kessler,76,KES,Bruce,Kessler,1936-03-23,American
585,emery,26,EME,Paul,Emery,1916-11-12,British
586,piotti,23,PIO,Luigi,Piotti,1913-10-27,Italian
587,ecclestone,9,ECC,Bernie,Ecclestone,1930-10-28,British
588,taramazzo,66,TAR,Luigi,Taramazzo,1932-05-05,Italian
589,chiron,16,CHI,Louis,Chiron,1899-08-03,Monegasque
590,lewis-evans,64,LEW,Stuart,Lewis-evans,1930-04-20,British
591,george_amick,80,GEO,George,Amick,1924-10-24,American
592,reece,58,REE,Jimmy,Reece,1929-11-17,American
593,parsons,59,PAR,Johnnie,Parsons,1918-07-04,American
594,tolan,39,TOL,Johnnie,Tolan,1917-10-22,American
595,garrett,2,GAR,Billy,Garrett,1933-04-24,American
596,elisian,93,ELI,Ed,Elisian,1926-12-09,American
597,connor,13,CON,Pat,O'connor,1928-10-09,American
598,jerry_unser,68,JER,Jerry,Unser,1932-11-15,American
599,bisch,15,BIS,Art,Bisch,1926-11-10,American
600,goethals,95,GOE,Christian,Goethals,1928-08-04,Belgian
601,gibson,18,GIB,Dick,Gibson,1918-04-16,British
602,la_caze,59,LA_,Robert,La caze,1917-02-26,French
603,guelfi,90,GUE,Andr̩,Guelfi,1919-05-06,French
604,picard,83,PIC,Fran̤ois,Picard,1921-04-26,French
605,bridger,83,BRI,Tom,Bridger,1934-06-24,British
606,portago,53,POR,Alfonso,De portago,1928-10-11,Spanish
607,perdisa,53,PER,Cesare,Perdisa,1932-10-21,Italian
608,castellotti,32,CAS,Eugenio,Castellotti,1930-10-10,Italian
609,simon,97,SIM,Andr̩,Simon,1920-01-05,French
610,leston,44,LES,Les,Leston,1920-12-16,British
611,hanks,88,HAN,Sam,Hanks,1914-07-13,American
612,linden,49,LIN,Andy,Linden,1922-04-05,American
613,teague,0,TEA,Marshall,Teague,1921-02-22,American
614,edmunds,65,EDM,Don,Edmunds,1930-09-23,American
615,agabashian,11,AGA,Fred,Agabashian,1913-08-21,American
616,george,78,GEO,Elmer,George,1928-07-15,American
617,macdowel,25,MAC,Mike,Macdowel,1932-09-13,British
618,mackay-fraser,73,MAC,Herbert,Mackay-fraser,1927-06-23,American
619,gerard,3,GER,Bob,Gerard,1914-01-19,British
620,maglioli,10,MAG,Umberto,Maglioli,1928-06-05,Italian
621,england,62,ENG,Paul,England,1929-03-28,Australian
622,landi,24,LAN,Chico,Landi,1907-07-14,Brazilian
623,uria,80,URI,Alberto,Uria,1924-07-11,Uruguayan
624,ramos,40,RAM,Hernando,Da silva ramos,1925-12-07,Brazilian
625,bayol,58,BAY,Lie,Bayol,1914-02-28,French
626,manzon,11,MAN,Robert,Manzon,1917-04-12,French
627,rosier,35,ROS,Louis,Rosier,1905-11-05,French
628,sweikert,47,SWE,Bob,Sweikert,1926-05-20,American
629,griffith,81,GRI,Cliff,Griffith,1916-02-06,American
630,dinsmore,9,DIN,Duke,Dinsmore,1913-04-10,American
631,andrews,19,AND,Keith,Andrews,1920-06-15,American
632,frere,20,FRE,Paul,Fr̬re,1917-01-30,Belgian
633,villoresi,20,VIL,Luigi,Villoresi,1909-05-16,Italian
634,scotti,77,SCO,Piero,Scotti,1909-11-11,Italian
635,chapman,93,CHA,Colin,Chapman,1928-05-19,British
636,titterington,30,TIT,Desmond,Titterington,1928-05-01,British
637,scott_Brown,70,SCO,Archie,Scott brown,1927-05-13,British
638,volonterio,59,VOL,Ottorino,Volonterio,1917-12-07,Swiss
639,milhoux,41,MIL,Andr̩,Milhoux,1928-12-09,Belgian
640,graffenried,26,GRA,Toulo,De graffenried,1914-05-18,Swiss
641,taruffi,87,TAR,Piero,Taruffi,1906-10-12,Italian
642,farina,38,FAR,Nino,Farina,1906-10-30,Italian
643,mieres,31,MIE,Roberto,Mieres,1924-12-03,Argentine
644,mantovani,66,MAN,Sergio,Mantovani,1929-05-22,Italian
645,bucci,93,BUC,Clemar,Bucci,1920-09-04,Argentine
646,iglesias,14,IGL,Jes̼s,Iglesias,1922-02-22,Argentine
647,ascari,23,ASC,Alberto,Ascari,1918-07-13,Italian
648,kling,29,KLI,Karl,Kling,1910-09-16,German
649,birger,45,BIR,Pablo,Birger,1924-01-07,Argentine
650,pollet,90,POL,Jacques,Pollet,1922-07-02,French
651,macklin,87,MAC,Lance,Macklin,1919-09-02,British
652,whiteaway,82,WHI,Ted,Whiteaway,1928-11-01,British
653,davies,14,DAV,Jimmy,Davies,1929-08-08,American
654,faulkner,7,FAU,Walt,Faulkner,1920-02-16,American
655,niday,94,NID,Cal,Niday,1914-04-29,American
656,cross,37,CRO,Art,Cross,1918-01-24,American
657,vukovich,56,VUK,Bill,Vukovich,1918-12-13,American
658,mcgrath,97,MCG,Jack,Mcgrath,1919-10-08,American
659,hoyt,29,HOY,Jerry,Hoyt,1929-01-29,American
660,claes,90,CLA,Johnny,Claes,1916-08-11,Belgian
661,peter_walker,43,PET,Peter,Walker,1912-10-07,British
662,sparken,85,SPA,Mike,Sparken,1930-06-16,French
663,wharton,18,WHA,Ken,Wharton,1916-03-21,British
664,mcalpine,48,MCA,Kenneth,Mcalpine,1920-09-21,British
665,marr,69,MAR,Leslie,Marr,1922-08-14,British
666,rolt,39,ROL,Tony,Rolt,1918-10-16,British
667,fitch,80,FIT,John,Fitch,1917-08-04,American
668,lucas,42,LUC,Jean,Lucas,1917-04-25,French
669,bira,39,BIR,Prince,Bira,1914-07-15,Thai
670,marimon,82,MAR,Onofre,Marim n,1923-12-19,Argentine
671,loyer,86,LOY,Roger,Loyer,1907-08-05,French
672,daponte,1,DAP,Jorge,Daponte,1923-06-05,Argentine
673,nazaruk,11,NAZ,Mike,Nazaruk,1921-10-02,American
674,crockett,78,CRO,Larry,Crockett,1926-10-23,American
675,ayulo,45,AYU,Manny,Ayulo,1921-10-20,American
676,armi,56,ARM,Frank,Armi,1918-10-12,American
677,webb,7,WEB,Travis,Webb,1910-10-08,American
678,duncan,60,DUN,Len,Duncan,1911-07-25,American
679,mccoy,91,MCC,Ernie,Mccoy,1921-02-19,American
680,swaters,0,SWA,Jacques,Swaters,1926-10-30,American
681,georges_berger,8,GEO,Georges,Berger,1918-09-14,Belgian
682,beauman,70,BEA,Don,Beauman,1928-07-26,British
683,thorne,41,THO,Leslie,Thorne,1916-06-23,British
684,whitehouse,68,WHI,Bill,Whitehouse,1909-04-01,British
685,riseley_prichard,95,RIS,John,Riseley-prichard,1924-01-17,British
686,reg_parnell,91,REG,Reg,Parnell,1911-07-02,British
687,whitehead,2,WHI,Peter,Whitehead,1914-11-12,British
688,brandon,58,BRA,Eric,Brandon,1920-07-18,British
689,alan_brown,60,ALA,Alan,Brown,1919-11-20,British
690,nuckey,10,NUC,Rodney,Nuckey,1929-06-26,British
691,lang,0,LAN,Hermann,Lang,1909-04-06,German
692,helfrich,67,HEL,Theo,Helfrich,1913-05-13,German
693,wacker,13,WAC,Fred,Wacker,1918-07-10,American
694,riu,42,RIU,Giovanni,De riu,1925-03-10,Italian
695,galvez,79,GAL,Oscar,Glvez,1913-08-17,Argentine
696,john_barber,76,JOH,John,Barber,1929-07-22,British
697,bonetto,83,BON,Felice,Bonetto,1903-06-09,Italian
698,cruz,22,CRU,Adolfo,Cruz,1923-06-28,Argentine
699,nalon,29,NAL,Duke,Nalon,1913-03-02,American
700,scarborough,96,SCA,Carl,Scarborough,1914-07-03,American
701,holland,14,HOL,Bill,Holland,1907-12-18,American
702,bob_scott,30,BOB,Bob,Scott,1928-10-04,American
703,legat,27,LEG,Arthur,Legat,1898-11-01,Belgian
704,cabantous,7,CAB,Yves,Cabantous,1904-10-08,French
705,crook,33,CRO,Tony,Crook,1920-02-16,British
706,jimmy_stewart,11,JIM,Jimmy,Stewart,1931-03-06,British
707,ian_stewart,76,IAN,Ian,Stewart,1929-07-15,British
708,duncan_hamilton,21,DUN,Duncan,Hamilton,1920-04-30,British
709,klodwig,68,KLO,Ernst,Klodwig,1903-05-23,East german
710,krause,58,KRA,Rudolf,Krause,1907-03-30,East german
711,karch,98,KAR,Oswald,Karch,1917-03-06,German
712,heeks,52,HEE,Willi,Heeks,1922-02-13,German
713,fitzau,39,FIT,Theo,Fitzau,1923-02-10,East german
714,adolff,72,ADO,Kurt,Adolff,1921-11-05,German
715,bechem,85,BEC,G nther,Bechem,1921-12-21,German
716,bauer,87,BAU,Erwin,Bauer,1912-07-17,German
717,hans_stuck,69,HAN,Hans,Von stuck,1900-12-27,German
718,loof,80,LOO,Ernst,Loof,1907-07-04,German
719,scherrer,41,SCH,Albert,Scherrer,1908-02-28,Swiss
720,terra,96,TER,Max,De terra,1918-10-06,Swiss
721,hirt,97,HIR,Peter,Hirt,1910-03-30,Swiss
722,carini,15,CAR,Piero,Carini,1921-03-06,Italian
723,fischer,40,FIS,Rudi,Fischer,1912-04-19,Swiss
724,ulmen,89,ULM,Toni,Ulmen,1906-01-25,German
725,abecassis,34,ABE,George,Abecassis,1913-03-21,British
726,george_connor,56,GEO,George,Connor,1906-08-16,American
727,rigsby,94,RIG,Jim,Rigsby,1923-06-06,American
728,james,97,JAM,Joe,James,1925-05-23,American
729,schindler,43,SCH,Bill,Schindler,1909-03-06,American
730,fonder,77,FON,George,Fonder,1917-06-22,American
731,banks,67,BAN,Henry,Banks,1913-06-14,American
732,mcdowell,71,MCD,Johnny,Mcdowell,1915-01-29,American
733,miller,24,MIL,Chet,Miller,1902-07-19,American
734,ball,11,BAL,Bobby,Ball,1925-08-26,American
735,tornaco,37,TOR,Charles,De tornaco,1927-06-07,Belgian
736,laurent,89,LAU,Roger,Laurent,1913-02-21,Belgian
737,obrien,85,OBR,Robert,O'brien,1908-04-11,American
738,gaze,81,GAZ,Tony,Gaze,1920-02-03,Australian
739,charrington,8,CHA,Robin,Montgomerie-charrington,1915-06-23,British
740,comotti,63,COM,Franco,Comotti,1906-07-24,Italian
741,etancelin,80,ETA,Philippe,Tancelin,1896-12-28,French
742,poore,27,POO,Dennis,Poore,1916-08-19,British
743,thompson,71,THO,Eric,Thompson,1919-11-04,British
744,downing,24,DOW,Ken,Downing,1917-12-05,British
745,graham_whitehead,88,GRA,Graham,Whitehead,1922-04-15,British
746,bianco,21,BIA,Gino,Bianco,1916-07-22,Brazilian
747,murray,21,MUR,David,Murray,1909-12-28,British
748,cantoni,92,CAN,Eitel,Cantoni,1906-10-04,Uruguayan
749,aston,86,AST,Bill,Aston,1900-03-29,British
750,brudes,83,BRU,Adolf,Brudes,1899-10-15,German
751,riess,9,RIE,Fritz,Riess,1922-07-11,German
752,niedermayr,89,NIE,Helmut,Niedermayr,1915-11-29,German
753,klenk,97,KLE,Hans,Klenk,1919-10-28,German
754,balsa,21,BAL,Marcel,Balsa,1909-01-01,French
755,schoeller,96,SCH,Rudolf,Schoeller,1902-04-27,Swiss
756,pietsch,38,PIE,Paul,Pietsch,1911-06-20,German
757,peters,69,PET,Josef,Peters,1914-09-16,German
758,lof,63,LOF,Dries,Van der lof,1919-08-23,Dutch
759,flinterman,95,FLI,Jan,Flinterman,1919-10-02,Dutch
760,dusio,84,DUS,Piero,Dusio,1899-10-13,Italian
761,crespo,63,CRE,Alberto,Crespo,1920-01-16,Argentine
762,rol,13,ROL,Franco,Rol,1908-06-05,Italian
763,sanesi,88,SAN,Consalvo,Sanesi,1911-03-28,Italian
764,guy_mairesse,43,GUY,Guy,Mairesse,1910-08-10,French
765,louveau,43,LOU,Henri,Louveau,1910-01-25,French
766,wallard,84,WAL,Lee,Wallard,1910-09-07,American
767,forberg,94,FOR,Carl,Forberg,1911-03-04,American
768,rose,60,ROS,Mauri,Rose,1906-05-26,American
769,mackey,33,MAC,Bill,Mackey,1927-12-15,American
770,green,77,GRE,Cecil,Green,1919-09-30,American
771,walt_brown,90,WAL,Walt,Brown,1911-12-30,American
772,hellings,22,HEL,Mack,Hellings,1915-09-14,American
773,levegh,91,LEV,Pierre,Levegh,1905-12-22,French
774,chaboud,32,CHA,Eug̬ne,Chaboud,1907-04-12,French
775,gordini,55,GOR,Aldo,Gordini,1921-05-20,French
776,kelly,48,KEL,Joe,Kelly,1913-03-13,Irish
777,parker,3,PAR,Philip,Fotheringham-parker,1907-09-22,British
778,shawe_taylor,19,SHA,Brian,Shawe taylor,1915-01-28,British
779,john_james,77,JOH,John,James,1914-05-10,British
780,branca,93,BRA,Toni,Branca,1916-09-15,Swiss
781,richardson,53,RIC,Ken,Richardson,1911-08-21,British
782,jover,90,JOV,Juan,Jover,1903-11-23,Spanish
783,grignard,87,GRI,Georges,Grignard,1905-07-25,French
784,hampshire,96,HAM,David,Hampshire,1917-12-29,British
785,crossley,46,CRO,Geoff,Crossley,1921-05-11,British
786,fagioli,85,FAG,Luigi,Fagioli,1898-06-09,Italian
787,harrison,34,HAR,Cuth,Harrison,1906-07-06,British
788,fry,14,FRY,Joe,Fry,1915-10-26,British
789,martin,32,MAR,Eug̬ne,Martin,1915-03-24,French
790,leslie_johnson,76,LES,Leslie,Johnson,1912-03-22,British
791,biondetti,26,BIO,Clemente,Biondetti,1898-08-18,Italian
792,pian,92,PIA,Alfredo,Pin,1912-10-21,Argentine
793,sommer,65,SOM,Raymond,Sommer,1906-08-31,French
794,chitwood,37,CHI,Joie,Chitwood,1912-04-14,American
795,fohr,17,FOH,Myron,Fohr,1912-06-17,American
796,ader,91,ADE,Walt,Ader,1913-12-15,American
797,holmes,75,HOL,Jackie,Holmes,1920-09-04,American
798,levrett,2,LEV,Bayliss,Levrett,1914-02-14,American
799,jackson,88,JAC,Jimmy,Jackson,1910-07-25,American
800,pagani,89,PAG,Nello,Pagani,1911-10-11,Italian
801,pozzi,34,POZ,Charles,Pozzi,1909-08-27,French
802,serafini,27,SER,Dorino,Serafini,1909-07-22,Italian
803,cantrell,7,CAN,Bill,Cantrell,1908-01-31,American
804,mantz,5,MAN,Johnny,Mantz,1918-09-18,American
805,kladis,93,KLA,Danny,Kladis,1917-02-10,American
806,oscar_gonzalez,25,OSC,Scar,Gonzlez,1923-11-10,Uruguayan
807,hulkenberg,27,HUL,Nico,H lkenberg,1987-08-19,German
808,petrov,33,PET,Vitaly,Petrov,1984-09-08,Russian
810,grassi,13,DIG,Lucas,Di grassi,1984-08-11,Brazilian
811,bruno_senna,23,SEN,Bruno,Senna,1983-10-15,Brazilian
812,chandhok,87,CHA,Karun,Chandhok,1984-01-19,Indian
813,maldonado,13,MAL,Pastor,Maldonado,1985-03-09,Venezuelan
814,resta,0,DIR,Paul,Di resta,1986-04-16,British
815,perez,11,PER,Sergio,P̩rez,1990-01-26,Mexican
816,ambrosio,17,DAM,J̩r̫me,D'ambrosio,1985-12-27,Belgian
817,ricciardo,3,RIC,Daniel,Ricciardo,1989-07-01,Australian
818,vergne,25,VER,Jean-ric,Vergne,1990-04-25,French
819,pic,88,PIC,Charles,Pic,1990-02-15,French
820,chilton,4,CHI,Max,Chilton,1991-04-21,British
821,gutierrez,21,GUT,Esteban,Guti̩rrez,1991-08-05,Mexican
822,bottas,77,BOT,Valtteri,Bottas,1989-08-28,Finnish
823,garde,67,VDG,Giedo,Van der garde,1985-04-25,Dutch
824,jules_bianchi,17,BIA,Jules,Bianchi,1989-08-03,French
825,kevin_magnussen,20,MAG,Kevin,Magnussen,1992-10-05,Danish
826,kvyat,26,KVY,Daniil,Kvyat,1994-04-26,Russian
827,lotterer,45,LOT,Andr̩,Lotterer,1981-11-19,German
828,ericsson,9,ERI,Marcus,Ericsson,1990-09-02,Swedish
829,stevens,28,STE,Will,Stevens,1991-06-28,British
830,max_verstappen,33,VER,Max,Verstappen,1997-09-30,Dutch
831,nasr,12,NAS,Felipe,Nasr,1992-08-21,Brazilian
832,sainz,55,SAI,Carlos,Sainz,1994-09-01,Spanish
833,merhi,98,MER,Roberto,Merhi,1991-03-22,Spanish
834,rossi,53,RSS,Alexander,Rossi,1991-09-25,American
835,jolyon_palmer,30,PAL,Jolyon,Palmer,1991-01-20,British
836,wehrlein,94,WEH,Pascal,Wehrlein,1994-10-18,German
837,haryanto,88,HAR,Rio,Haryanto,1993-01-22,Indonesian
838,vandoorne,2,VAN,Stoffel,Vandoorne,1992-03-26,Belgian
839,ocon,31,OCO,Esteban,Ocon,1996-09-17,French
840,stroll,18,STR,Lance,Stroll,1998-10-29,Canadian
841,giovinazzi,36,GIO,Antonio,Giovinazzi,1993-12-14,Italian
843,brendon_hartley,39,HAR,Brendon,Hartley,1989-11-10,New zealander
